INSERT INTO book (title,subtitle,publisher,author,edition,year,language,isbn_10,isbn_13,notes,retailprice,libraryprice,amazonlink,library_section,imagelink) VALUES
("Education Towards Freedom",NULL,"Lanthorn Press, Peredur, East Grinstead, England","Rudel, Joan and Siegfried","4","1986",NULL,NULL,NULL,NULL,NULL,NULL,NULL,NULL,NULL),
("Bullying - Changing the Course of Your Child's Life",NULL,"Hazelden","Voors, William",NULL,"2000",NULL,"1-56838-517-X",NULL,NULL,NULL,NULL,NULL,NULL,NULL),
("Awakening Your Child's Natural Genius",NULL,"Jeremy P. Tarcher, Inc., Los Angeles","Armstrong, Thomas",NULL,"1991",NULL,"0-87477-608-2",NULL,NULL,NULL,NULL,NULL,NULL,NULL),
("From Your Child's Teacher",NULL,"FP Hendricks Publishing Ltd.","Bright, Robin",NULL,"1998",NULL,"0-96829-703-X",NULL,NULL,NULL,NULL,NULL,NULL,NULL),
("Parents Do Make a Difference",NULL,"Jossey-Bass","Borba, Michele",NULL,"1999",NULL,"0-7879-4605-2",NULL,NULL,NULL,NULL,NULL,NULL,NULL),
("Rythms of Learning",NULL,"Anthroposophic Press","Trostli, Roberto",NULL,"1998",NULL,"0-88010-451-1",NULL,NULL,NULL,NULL,NULL,NULL,NULL),
("Parents as People",NULL,"Aurora Publishers","Kane, Franklin G.",NULL,"1987",NULL,"0-88925-820-1",NULL,NULL,NULL,NULL,NULL,NULL,NULL),
("Spelling for Parents",NULL,"Pembrook Publishers Limited","Phenix, Jo / Scott-Dunne, Doreen",NULL,"1994",NULL,"1-55138-019-6",NULL,NULL,NULL,NULL,NULL,NULL,NULL),
("Lifeways - Working with Family Questions",NULL,"Hawthorn Press","Davy, Gudrun / Voors, Bons","3","1985",NULL,"0-950-7062-4-8",NULL,NULL,NULL,NULL,NULL,NULL,NULL),
("Why Motor Skills Matter",NULL,"The McGraw-Hill Companies","Losquadro Liddle, Tara",NULL,"2004",NULL,"0-07-140818-5",NULL,NULL,NULL,NULL,NULL,NULL,NULL),
("A Guide to Child Health",NULL,"Floris Books","Gloeckler, Michaela / Goebel, Wolfgang",NULL,"1984",NULL,"0-86315-104-3",NULL,NULL,NULL,NULL,NULL,NULL,NULL),
("Navigating the Terrain of Childhood",NULL,"Nova Institute Press","Petrash, Jack",NULL,"2004",NULL,"0-9758552-0-4",NULL,NULL,NULL,NULL,NULL,NULL,NULL),
("Healign Stories for Challenging Behaviour",NULL,"Hawthorn Press","Perrow, Susan",NULL,"2012",NULL,"978-1-93458-78-5",NULL,NULL,NULL,NULL,NULL,NULL,NULL),
("Hold on to Your Kids",NULL,"Vintage Canada","Neufeld, Gordon / Mate, Gabor",NULL,"2005",NULL,"0-676-97472-4",NULL,NULL,NULL,NULL,NULL,NULL,NULL),
("Echoes of a Dream",NULL,"Beacon Herald Fine Printing Division, Stratford, Ontario, Canada","Smith, Susan",NULL,"1982",NULL,NULL,NULL,NULL,NULL,NULL,NULL,NULL,NULL),
("If Learning is so Natural, Why am I going to School?",NULL,"Penguin Books","Nikiforuk, Andrew",NULL,"1994",NULL,"0-14-024264-3",NULL,NULL,NULL,NULL,NULL,NULL,NULL),
("The Gift of Dyslexia",NULL,"The Berkely Publishing Group","Davis, Ronald D.","2","1997",NULL,"0-399-52293-X",NULL,NULL,NULL,NULL,NULL,NULL,NULL),
("the Out-of-Sync Child",NULL,"The Berkely Publishing Group","Stock Kranowitz, Carol",NULL,"2005",NULL,"0-399-53165-3",NULL,NULL,NULL,NULL,NULL,NULL,NULL),
("The Optimistic Child",NULL,"Harper Perennial","Seligman, Martin E.",NULL,"1995",NULL,"0-06-097709-4",NULL,NULL,NULL,NULL,NULL,NULL,NULL),
("365 Outdoor Activities",NULL,"Bob Adams, Inc., Publishers","Bennett, Steve and Ruth",NULL,"1993",NULL,"1-5580-260-2",NULL,NULL,NULL,NULL,NULL,NULL,NULL),
("Kids are Worth it!",NULL,"Somerville House Publishing","Coloroso, Barbara",NULL,"1994",NULL,"0-921051-74-3",NULL,NULL,NULL,NULL,NULL,NULL,NULL),
("How to Keep Your Teenager Out of Troubl and What to Do if You Can't",NULL,"Workman Publishing","Bernstein, Neil I.",NULL,"2001",NULL,"0-7611-1570-6",NULL,NULL,NULL,NULL,NULL,NULL,NULL),
("Commonsense Schooling",NULL,"The Robinswook Press","Wilkinson, Roy",NULL,"1990",NULL,"1-86981-08-1",NULL,NULL,NULL,NULL,NULL,NULL,NULL),
("Grading the Teacher",NULL,"Penguin Books","Jacobs, Nellie",NULL,"1996",NULL,"0-14-025612-1",NULL,NULL,NULL,NULL,NULL,NULL,NULL),
("On the Threshold of Adolsescence",NULL,"Anthroposophic Press","Koepke, Hermann",NULL,"1992",NULL,"0-88010-357-4",NULL,NULL,NULL,NULL,NULL,NULL,NULL),
("Thirteen to Nineteen - Discovering the Light ",NULL,"Floris Books","Sleigh, Julian","2","1989",NULL,"0-86315-078-0",NULL,NULL,NULL,NULL,NULL,NULL,NULL),
("Closing the Gap - A Strategy for Bringing Parents and Teens Together",NULL,"Fireside","McGraw, Jay",NULL,"2001",NULL,"0-7432-2469-8",NULL,NULL,NULL,NULL,NULL,NULL,NULL),
("Voyage Through Childhood Into the Adult World",NULL,"Hawthorn Press","Frommer, Eva A.","2","1994",NULL,"1-869-890-59-0",NULL,NULL,NULL,NULL,NULL,NULL,NULL),
("More Lifeways - Finding Support and Inspiration I Family Life",NULL,"Hawthorn Press","Smith, Patti / Eklund Schaefer, Signe",NULL,"1997",NULL,"1-869890-86-8",NULL,NULL,NULL,NULL,NULL,NULL,NULL),
("The Motherly and Fatherly Roles in Education ",NULL,"Anthroposophic Press","Gabert, Erich",NULL,"1988",NULL,"0-88010-199-7",NULL,NULL,NULL,NULL,NULL,NULL,NULL),
("Raising a Daughter",NULL,"Celestial Arts","Elium, Jeanne and Don",NULL,"1994",NULL,"0-89087-708-4",NULL,NULL,NULL,NULL,NULL,NULL,NULL),
("Adventures in Parenting",NULL,"The Association of Waldorf Schools of North America (AWSNA)","Ross, Rachel C.",NULL,"2008",NULL,"978-1-888364-76-4",NULL,NULL,NULL,NULL,NULL,NULL,NULL),
("Spiritual Parenting - A Loving Guide for the New Age Parent",NULL,"Paragon House, New York","Carroll, David",NULL,"1990",NULL,"1-55778-112-5",NULL,NULL,NULL,NULL,NULL,NULL,NULL),
("Reading Magic",NULL,"Harcourt, Inc.","Fox, Mem",NULL,"2001",NULL,"0-15-60176-3",NULL,NULL,NULL,NULL,NULL,NULL,NULL),
("Raising a Creative Child",NULL,"Carol Publishing Group","MacGregor, Cynthia",NULL,"1996",NULL,"0-8065-1741-7",NULL,NULL,NULL,NULL,NULL,NULL,NULL),
("Parenting for a Healthy Future",NULL,"Hawthorn Press","Coplen, Dotty",NULL,"1995",NULL,"1-869-89-531",NULL,NULL,NULL,NULL,NULL,NULL,NULL),
("How to Talk to Kids will Listen and Listen so Kids Will Talk",NULL,"Avon Books","Faber, Adele / Mazlish, Elaine",NULL,"1980",NULL,"0-380-57000-9",NULL,NULL,NULL,NULL,NULL,NULL,NULL),
("School's Out",NULL,"Macfarlane Walter and Ross, Toronto","Nikiforuk, Andrew",NULL,"1993",NULL,"0-921912-83-8",NULL,NULL,NULL,NULL,NULL,NULL,NULL),
("Children's Symptoms",NULL,"Reader's Digest Association (Canada) Ltd. Montreal","Valman, Bernard / Youger-Lewis Catherine",NULL,"1998",NULL,"0-88850-612-0",NULL,NULL,NULL,NULL,NULL,NULL,NULL),
("Families Apart - Ten Keys to Successful Co-Parenting",NULL,"The Berkely Publishing Group","Blau, Melinda",NULL,"1995",NULL,"0-399-52150-X",NULL,NULL,NULL,NULL,NULL,NULL,NULL),
("The Complete Kid's Allergy and Asthma Guide",NULL,"Robert Rose Inc.","Gold, Milton",NULL,"2003",NULL,"0-7788-0078-4",NULL,NULL,NULL,NULL,NULL,NULL,NULL),
("Sharing Nature with Children",NULL,"Dawn Publications","Cornell, Joseph",NULL,"1979",NULL,"0-916124-14-2",NULL,NULL,NULL,NULL,NULL,NULL,NULL),
("How Childern Play",NULL,"Floris Books","Haller, Ingeborg",NULL,"1991",NULL,"0-86315-127-2",NULL,NULL,NULL,NULL,NULL,NULL,NULL),
("Remember the Light",NULL,"Fenton Valley Press","Fisher, Mary Pat",NULL,"1986",NULL,"0-9615149-7-3",NULL,NULL,NULL,NULL,NULL,NULL,NULL),
("Making Soft Toys",NULL,"Celestial Arts","Jaffke, Freya",NULL,"1981",NULL,"0-89742-044-6",NULL,NULL,NULL,NULL,NULL,NULL,NULL),
("Summer",NULL,"Wynstones Press, Brookthorpe, Glaucester, UK","Steiner Schools","2","1983",NULL,"0-94626-02-3",NULL,NULL,NULL,NULL,NULL,NULL,NULL),
("Conception Birth and Early Childhood",NULL,"Anthroposophic Press","Glas, Norbert",NULL,"1983",NULL,"0-91142-54-8",NULL,NULL,NULL,NULL,NULL,NULL,NULL),
("Children at Play",NULL,"Parkstreet Press, Rochester, Vermont","Britz-Crecelius, Heidi",NULL,"1996",NULL,"0-89281-629-5",NULL,NULL,NULL,NULL,NULL,NULL,NULL),
("50 Simple Things Kids Can Do to Save The Earth",NULL,"Andrews and McMeel","Javna, John",NULL,"1990",NULL,"0-8362-2301-2",NULL,NULL,NULL,NULL,NULL,NULL,NULL),
("Sewing for Baby",NULL,"?","Martensson, Kerstin",NULL,"1987",NULL,"0-913212-10-5",NULL,NULL,NULL,NULL,NULL,NULL,NULL),
("Advent for Children",NULL,"Floris Books","Jaffke, Freya",NULL,"1979",NULL,"0-86315-009-8",NULL,NULL,NULL,NULL,NULL,NULL,NULL),
("Making Dolls",NULL,"Floris Books","Reinckens, Sunnhild",NULL,"1989",NULL,"0-86315-093-4",NULL,NULL,NULL,NULL,NULL,NULL,NULL),
("The Nature Corner",NULL,"Floris Books","v Leeuwen, M / Moeskops, J",NULL,"1990",NULL,"0-86315-111-6",NULL,NULL,NULL,NULL,NULL,NULL,NULL),
("The Christmas Craft Book",NULL,"Floris Books","Berger, Thomas",NULL,"2001",NULL,"0-86315-110-8",NULL,NULL,NULL,NULL,NULL,NULL,NULL),
("The Harvest Craft Book",NULL,"Floris Books","Berger, Thomas",NULL,"1993",NULL,"0-86315-147-7",NULL,NULL,NULL,NULL,NULL,NULL,NULL),
("The Easter Craft Book",NULL,"Floris Books","Berger, Thomas and Petra",NULL,"1994",NULL,"0-86315-161-2",NULL,NULL,NULL,NULL,NULL,NULL,NULL),
("The Gnome Graft Book",NULL,"Floris Books","Berger, Thomas and Petra",NULL,"2001",NULL,"0-86315-300-3",NULL,NULL,NULL,NULL,NULL,NULL,NULL),
("Festivals with Children",NULL,"Floris Books","Barz, Brigitte","2","1991",NULL,"0-86315-055-1",NULL,NULL,NULL,NULL,NULL,NULL,NULL),
("Autumn",NULL,"Wynstones Press, Brookthorpe, Glaucester, UK","Steiner Schools","2","1983",NULL,"0-946206-03-1",NULL,NULL,NULL,NULL,NULL,NULL,NULL),
("Gateways",NULL,"Wynstones Press, Brookthorpe, Glaucester, UK","Steiner Schools","2","1983",NULL,"0-94626-05-8",NULL,NULL,NULL,NULL,NULL,NULL,NULL),
("Stories They'll Remember",NULL,"Treehouse Communication Inc.","Lord, Frank M.",NULL,"1987",NULL,NULL,NULL,NULL,NULL,NULL,NULL,NULL,NULL),
("Natural Childhood",NULL,"Fireside, Simon & Schuster Inc.","Thomson, John",NULL,"1994",NULL,"0-02-020739-5",NULL,NULL,NULL,NULL,NULL,NULL,NULL),
("Festivals Family and Food",NULL,"Hawthorn Press","Carey, Diana / Large, Judy",NULL,"1983",NULL,"0-950-7062-3X",NULL,NULL,NULL,NULL,NULL,NULL,NULL),
("All Year Round",NULL,"Hawthorn Press","Druitt, Ann / Fynes-Clinton, Christine / Rowling, Maije",NULL,NULL,NULL,"1-869-890-477",NULL,NULL,NULL,NULL,NULL,NULL,NULL),
("Days, Weeks and Months",NULL,"Faber and Faber, London Boston","Joy, Margaret",NULL,"1984",NULL,"0-571-13171-9",NULL,NULL,NULL,NULL,NULL,NULL,NULL),
("The Children's Year",NULL,"Hawthorn Press","Cooper, Stephanie / Fynes-Clinton, Christine / Rowling, Marye",NULL,"1986",NULL,"1-869-890-00-0",NULL,NULL,NULL,NULL,NULL,NULL,NULL),
("Understanding Waldorf Education ",NULL,"Gryphon House Inc.","Petrash, Jack",NULL,"2002",NULL,"0-87659-246-9",NULL,NULL,NULL,NULL,NULL,NULL,NULL),
("Parent's Guide to the Best Books for Children",NULL,"Times Books","Lipson, Eden Ross",NULL,"1988",NULL,"0-8129-1775-8",NULL,NULL,NULL,NULL,NULL,NULL,NULL),
("Waldorf Education - A Family Guide",NULL,"Michealmas Press","Johnson Fenner, Pamela / Rivers, Karen L.",NULL,"1992",NULL,"0-9647832-1-5",NULL,NULL,NULL,NULL,NULL,NULL,NULL),
("Pentatonic Songs",NULL,"Waldorf Schools of Ontario","Lebret, Elisabeth",NULL,"1985",NULL,NULL,NULL,NULL,NULL,NULL,NULL,NULL,NULL),
("Painting with Children",NULL,"Floris Books","Muller, Brunhild",NULL,"1987",NULL,"0-86315-048-9",NULL,NULL,NULL,NULL,NULL,NULL,NULL),
("Child and Man (Journal)",NULL,"Imprint","Masters, Brian (Editor)",NULL,"1995",NULL,NULL,NULL,NULL,NULL,NULL,NULL,NULL,NULL),
("Rudolf Steiner Waldorf Education",NULL,"The Robinswook Press","Steiner Schools",NULL,"1989",NULL,NULL,NULL,NULL,NULL,NULL,NULL,NULL,NULL),
("Earth Child (Paperback)",NULL,"Council Oak Books","Sheehan, Kathryn / Waidner, Mary",NULL,"991",NULL,"0-933031-39-4",NULL,NULL,NULL,NULL,NULL,NULL,NULL),
("Earthways ",NULL,"The Gryphon House Book","Petrash, Carol",NULL,"1992",NULL,"978-0-87659-156-7",NULL,NULL,NULL,NULL,NULL,NULL,NULL),
("Work and Play in Early Childhood",NULL,"Anthroposophic Press","Jaffke, Freya",NULL,"1991",NULL,"0-8801-442-2",NULL,NULL,NULL,NULL,NULL,NULL,NULL),
("Adventuring with Children",NULL,"Avalon House Printing","Jeffrey, Nan",NULL,"1992",NULL,NULL,NULL,NULL,NULL,NULL,NULL,NULL,NULL),
("Becoming the Parent You Want to Be",NULL,"Broadway Books, NY","Davis, Laura / Keyser, Janis",NULL,"1997",NULL,"0-553-06750-8",NULL,NULL,NULL,NULL,NULL,NULL,NULL),
("Vegetarian Baby and Child",NULL,"Crescent Books, NY","Jackson, Petra",NULL,"1995",NULL,"0-517-12152-2",NULL,NULL,NULL,NULL,NULL,NULL,NULL),
("Your Self-Confident Baby",NULL,"John Wiley & Sons, Inc.","Gerber, Magda",NULL,"1998",NULL,"0-471-17883-7",NULL,NULL,NULL,NULL,NULL,NULL,NULL),
("Mitten Strings of God",NULL,"Warner Books","Kenison, Katrina",NULL,"2000",NULL,"0-44+-52531-6",NULL,NULL,NULL,NULL,NULL,NULL,NULL),
("Loving Hands - The Traditional Art of Baby Massage",NULL,"Newmarket Press","Leboyer, Frederick",NULL,"1997",NULL,"1-55704-314-0",NULL,NULL,NULL,NULL,NULL,NULL,NULL),
("Keeping Childhood",NULL,"Childhood Press","Aldrich, Nancy",NULL,"1989",NULL,"0-9623583-0-4",NULL,NULL,NULL,NULL,NULL,NULL,NULL),
("You Are Your Child's First Teacher",NULL,"Celestial Arts","Baldwin Dancy, Rahima",NULL,"1989",NULL,"0-89087-519-7",NULL,NULL,NULL,NULL,NULL,NULL,NULL),
("Learning All the Time",NULL,"Addison-Wesley Publishing Company, Inc.","Holt, John",NULL,"1989",NULL,"0-201-12095-X",NULL,NULL,NULL,NULL,NULL,NULL,NULL),
("Our Last Best Shot",NULL,"Riverhead Books, NY","Sessions Stepp, Laura",NULL,"2000",NULL,"1-57322-875-3",NULL,NULL,NULL,NULL,NULL,NULL,NULL),
("The Hurried Child ",NULL,"Addison-Wesley Publishing Company, Inc.","Elkind, David",NULL,"1981",NULL,"0-201-03967-2",NULL,NULL,NULL,NULL,NULL,NULL,NULL),
("Reading Is More than Phonics",NULL,"Reading Wings","Goodman, Vera",NULL,"1999",NULL,"0-9699938-2-X",NULL,NULL,NULL,NULL,NULL,NULL,NULL),
("Raising a Family - Living on Planet Parenthood",NULL,"Celestial Arts","Elium, Jeanne and Don",NULL,"1997",NULL,"0-89087-818-8",NULL,NULL,NULL,NULL,NULL,NULL,NULL),
("Wakdorf Education for Adolescence",NULL,"Kolisko Archive Publications","Steiner, Rudolf",NULL,"1980",NULL,"0-96492-37-8",NULL,NULL,NULL,NULL,NULL,NULL,NULL),
("Life Strategies for Teens",NULL,"Fireside","McGraw, Jay",NULL,"2000",NULL,"0-7432-1546-X",NULL,NULL,NULL,NULL,NULL,NULL,NULL),
("Summer Children - Ready or Not For School",NULL,"J&J Publishing Co.","Uphoff, James K",NULL,"1986",NULL,"0-9618561-0-6",NULL,NULL,NULL,NULL,NULL,NULL,NULL),
("An Education for the 21st Century - Essays on Waldorf Education ",NULL,"Novalis Press","Maher, Stanford",NULL,"1995",NULL,"0-9583885-1-2",NULL,NULL,NULL,NULL,NULL,NULL,NULL),
("Exrtaordinary Minds",NULL,"Basic Books","Gardner, Howard",NULL,"1997",NULL,"0-465-02125-5",NULL,NULL,NULL,NULL,NULL,NULL,NULL),
("Multiple Intelligences",NULL,"Basic Books","Gardner, Howard",NULL,"1993",NULL,"0-465-01822-X",NULL,NULL,NULL,NULL,NULL,NULL,NULL),
("Frames of Mind",NULL,"Basic Books","Gardner, Howard",NULL,"1983",NULL,"0-465-02509-9",NULL,NULL,NULL,NULL,NULL,NULL,NULL),
("Turning",NULL,"Anthroposophic Press","Anthroposiphic Press",NULL,"1994",NULL,"0-88010-384-1",NULL,NULL,NULL,NULL,NULL,NULL,NULL),
("Teaching as a Lively Art",NULL,"Anthroposophic Press","Spock, Marjorie",NULL,"1985",NULL,"0-88010-127-X",NULL,NULL,NULL,NULL,NULL,NULL,NULL),
("Celebrating the Festivals with Children",NULL,"Anthroposophic Press","Lenz, Friedel",NULL,"1989",NULL,"0-88010-151-2",NULL,NULL,NULL,NULL,NULL,NULL,NULL),
("The Education of the Child",NULL,"Rudolf Steiner Press","Steiner, Rudolf",NULL,"1979",NULL,"0-85440-030-3",NULL,NULL,NULL,NULL,NULL,NULL,NULL),
("The Child and the Machine",NULL,"Key Porter Books","Armstrong, Alison / Casement, Charles",NULL,"1998",NULL,"1-55263-004-8",NULL,NULL,NULL,NULL,NULL,NULL,NULL),
("Between From and Freedom",NULL,"Hawthorn Press","Staley, Betty",NULL,"1996",NULL,"1-869890-08-6",NULL,NULL,NULL,NULL,NULL,NULL,NULL),
("The Curse of the Good Girl",NULL,"Penguin Books","Simmons, Rachel",NULL,"2010",NULL,"978-0-14-311798-8",NULL,NULL,NULL,NULL,NULL,NULL,NULL),
("Too Old Too Soon",NULL,"Harvest House Publishers","Fields, Doug",NULL,"1991",NULL,"0-89081-848-7",NULL,NULL,NULL,NULL,NULL,NULL,NULL),
("A Child Is Born",NULL,"Rudolf Steiner Press","zur Linden, Wilhelm",NULL,"1980",NULL,"0-8544-357-4",NULL,NULL,NULL,NULL,NULL,NULL,NULL),
("Steiner Education in Theory and Practice",NULL,"Floris Books","Childs, Gilbert",NULL,"1991",NULL,"0-86315-131-0",NULL,NULL,NULL,NULL,NULL,NULL,NULL),
("When a Child Is Born",NULL,"Thorsons Publishers Inc., NY","zur Linden, Wilhelm",NULL,"1984",NULL,"0-7225-0956-1",NULL,NULL,NULL,NULL,NULL,NULL,NULL),
("The Curriculum of the First Waldorf School",NULL,"Steiner Schools Fellowhsip Publications","von Heydebrand, Caroline",NULL,"1989",NULL,"0-9510331-3-1",NULL,NULL,NULL,NULL,NULL,NULL,NULL),
("Reincarnation and Karma - Their Significance in Modern Culture",NULL,"Steiner Book Centre, Inc., Vancouver","Steiner, Rudolf",NULL,"1977",NULL,"0-919924-06-9",NULL,NULL,NULL,NULL,NULL,NULL,NULL),
("Theosophy",NULL,"Rudolf Steiner Press","Steiner, Rudolf","4","1973",NULL,"0-85440-270-5",NULL,NULL,NULL,NULL,NULL,NULL,NULL),
("The Younger Generation",NULL,"Anthroposophic Press","Steiner, Rudolf",NULL,"1967",NULL,NULL,NULL,NULL,NULL,NULL,NULL,NULL,NULL),
("The Kingdom of Childhood",NULL,"Rudolf Steiner Press","Steiner, Rudolf",NULL,"1982",NULL,"0-85440-284-5",NULL,NULL,NULL,NULL,NULL,NULL,NULL),
("Encountering the Self",NULL,"Anthroposophic Press","Koepke, Hermann",NULL,"1989",NULL,"0-88010-279-9",NULL,NULL,NULL,NULL,NULL,NULL,NULL),
("The Recovery of Man in Childhood",NULL,"Anthroposophic Press","Harwood, A.C.",NULL,"1982",NULL,"0-88010-001-X",NULL,NULL,NULL,NULL,NULL,NULL,NULL),
("Rudold Steiner - Life, Work, Inner Path and Social Initiatives",NULL,"Hawthorn Press","Lissau, Rudi",NULL,"1987",NULL,"1-869-890-068",NULL,NULL,NULL,NULL,NULL,NULL,NULL),
("The First Three Years of The Child",NULL,"Anthroposophic Press","Konig, Karl",NULL,"1984",NULL,"0-88010-043-5",NULL,NULL,NULL,NULL,NULL,NULL,NULL),
("Confessions of a Waldorf Parent",NULL,"Rudolf Steiner College Publications","Gorman, Margaret",NULL,"1990",NULL,"0-945803-06-0",NULL,NULL,NULL,NULL,NULL,NULL,NULL),
("Creativity in Education - The Waldorf Approach",NULL,"H. S. Dakin Company","Querido, Rene M.",NULL,"1987",NULL,"0-930420-5",NULL,NULL,NULL,NULL,NULL,NULL,NULL),
("The Child, The Teachers and The Community",NULL,"Mercury Press","Smit, Jorgen",NULL,"1992",NULL,NULL,NULL,NULL,NULL,NULL,NULL,NULL,NULL),
("The Philosophy of Freedom",NULL,"Anthroposophic Press","Steiner, Rudolf",NULL,"1964",NULL,NULL,NULL,NULL,NULL,NULL,NULL,NULL,NULL),
("Questions of Destiny",NULL,"Anthroposophic Press","Pietzner, Carlo",NULL,"1988",NULL,"0-88010-264-0",NULL,NULL,NULL,NULL,NULL,NULL,NULL),
("Anthroposophy - A Way of Life",NULL,"Carnant Books","Edmunds, Francis",NULL,"1982",NULL,"0-903580-65-9",NULL,NULL,NULL,NULL,NULL,NULL,NULL),
("Waldorf: Education for Tomorrow",NULL,"Torornto Waldorf Schools","Toronto Waldorf Schools",NULL,"1970",NULL,NULL,NULL,NULL,NULL,NULL,NULL,NULL,NULL),
("Waldorf Parenting Book",NULL,"Rudolf Steiner College Publications","Cusick, Lois","3","1992",NULL,"0-916786-75-7",NULL,NULL,NULL,NULL,NULL,NULL,NULL),
("The Goetheanum - Rudolf Steiner's Architectual Impulse",NULL,"Rudolf Steiner Press","Biesantz, Hagen / Klingborg, Arne",NULL,"1979",NULL,"0-85440-355-8",NULL,NULL,NULL,NULL,NULL,NULL,NULL),
("The Plug-In Drug - Television, Children and the Family",NULL,"Penguin Books","Winn, Marie",NULL,"1985",NULL,"0-14-007698-0",NULL,NULL,NULL,NULL,NULL,NULL,NULL),
("Who's Bringing Them Up?",NULL,"Hawthorn Press","Large, Martin","2","1990",NULL,"1-86989-024-8",NULL,NULL,NULL,NULL,NULL,NULL,NULL),
("The Young Child",NULL,"Floris Books","De Haes, Daniel Udo",NULL,"1986",NULL,"0-86315-037-3",NULL,NULL,NULL,NULL,NULL,NULL,NULL),
("Vision in Action ",NULL,"Lindisfarne Press","Schaefer, Christopher / Voors, Tyno","2","1986",NULL,"0-940262-74-6",NULL,NULL,NULL,NULL,NULL,NULL,NULL),
("Endangered Minds ",NULL,"Touchstone Book","Healy, Jane M.",NULL,"1990",NULL,"0-671-74920-X",NULL,NULL,NULL,NULL,NULL,NULL,NULL),
("Waldorf Student Reading List",NULL,"Michealmas Press","Johnson Fenner, Pamela / Rivers, Karen L.","3","1995",NULL,"0-9647832-0-7",NULL,NULL,NULL,NULL,NULL,NULL,NULL),
("The Recovery of Man in Childhood",NULL,"The Myrin Book, NY","Harwood, A.C.",NULL,"1992",NULL,"0-913098-43-4",NULL,NULL,NULL,NULL,NULL,NULL,NULL),
("The First Seven Years -  Physiology of Childhood",NULL,"Rudolf Steiner College Press","Schoorel, Edmond",NULL,"2004",NULL,"0-945803-68-0",NULL,NULL,NULL,NULL,NULL,NULL,NULL),
("Rudolf Steiner Education and The Developing Child",NULL,"Anthroposophic Press","Aeppli, Willi",NULL,"1986",NULL,"0-88010-164-4",NULL,NULL,NULL,NULL,NULL,NULL,NULL),
("Waldorf Schools  -Upper Grades and High School",NULL,"Mercury Press","Pusch, Ruth",NULL,"1993",NULL,"0-929979-30-3",NULL,NULL,NULL,NULL,NULL,NULL,NULL),
("Waldorf Schools  -Kindergarten and Early Grades",NULL,"Mercury Press","Pusch, Ruth",NULL,"1996",NULL,"0-929979-29-X",NULL,NULL,NULL,NULL,NULL,NULL,NULL);


INSERT INTO branch (branch_id,branch_name,branch_code,branch_address) VALUES
("1","Calgary","CAL","Calgary Woldorf School"),
("2","Edmonton","EDM","Edmonton Woldorf School"),
("3","Red Deer","RDR","Red Deer Woldorf School");


INSERT INTO book_quantity (branch_id,book_id,total_quantity,available_quantity) VALUES
("1","1","1","0"),
("2","2","4","2"),
("3","3","9","1"),
("1","4","3","0"),
("2","5","2","1"),
("3","6","4","1"),
("1","7","9","3"),
("2","8","10","6"),
("3","9","9","9"),
("1","10","1","0"),
("2","11","1","1"),
("3","12","6","0"),
("1","13","1","0"),
("2","14","7","1"),
("3","15","1","1"),
("1","16","6","2"),
("2","17","1","0"),
("3","18","7","1"),
("1","19","1","1"),
("2","20","4","4"),
("3","21","10","1"),
("1","22","1","1"),
("2","23","8","1"),
("3","24","4","0"),
("1","25","6","3"),
("2","26","1","0"),
("3","27","9","9"),
("1","28","1","1"),
("2","29","1","1"),
("3","30","8","1"),
("1","31","8","1"),
("2","32","2","2"),
("3","33","10","4"),
("1","34","1","1"),
("2","35","10","2"),
("3","36","7","0"),
("1","37","8","5"),
("2","38","8","2"),
("3","39","2","2"),
("1","40","10","8"),
("2","41","10","7"),
("3","42","5","3"),
("1","43","2","2"),
("2","44","2","1"),
("3","45","5","2"),
("1","46","4","2"),
("2","47","4","2"),
("3","48","5","4"),
("1","49","4","2"),
("2","50","7","5"),
("3","51","9","1"),
("1","52","6","5"),
("2","53","2","0"),
("3","54","3","3"),
("1","55","9","7"),
("2","56","1","0"),
("3","57","6","3"),
("1","58","1","0"),
("2","59","5","5"),
("3","60","8","4"),
("1","61","9","2"),
("2","62","5","3"),
("3","63","1","1"),
("1","64","1","0"),
("2","65","3","1"),
("3","66","7","5"),
("1","67","6","3"),
("2","68","8","0"),
("3","69","10","10"),
("1","70","2","2"),
("2","71","8","5"),
("3","72","1","0"),
("1","73","4","2"),
("2","74","10","6"),
("3","75","5","3"),
("1","76","2","1"),
("2","77","3","2"),
("3","78","9","1"),
("1","79","7","6"),
("2","80","4","3"),
("3","81","7","5"),
("1","82","7","3"),
("2","83","10","2"),
("3","84","3","3"),
("1","85","8","3"),
("2","86","2","0"),
("3","87","7","1"),
("1","88","2","1"),
("2","89","1","1"),
("3","90","4","0"),
("1","91","10","4"),
("2","92","5","5"),
("3","93","4","4"),
("1","94","3","1"),
("2","95","4","4"),
("3","96","3","0"),
("1","97","2","2"),
("2","98","6","1"),
("3","99","2","2"),
("1","100","3","2"),
("2","101","3","0"),
("3","102","3","2"),
("1","103","9","9"),
("2","104","6","5"),
("3","105","5","5"),
("1","106","4","0"),
("2","107","7","6"),
("3","108","10","4"),
("1","109","1","0"),
("2","110","3","3"),
("3","111","7","2"),
("1","112","1","0"),
("2","113","3","1"),
("3","114","3","1"),
("1","115","10","5"),
("2","116","5","2"),
("3","117","2","2"),
("1","118","6","2"),
("2","119","9","8"),
("3","120","7","1"),
("1","121","7","4"),
("2","122","6","5"),
("3","123","2","1"),
("1","124","5","1"),
("2","125","2","1"),
("3","126","1","1"),
("1","127","1","0"),
("2","128","5","5"),
("3","129","1","1"),
("1","130","3","0"),
("2","131","8","0"),
("3","132","10","10"),
("1","133","8","4"),
("2","134","2","2"),
("3","135","10","7"),
("1","136","3","2"),
("2","1","3","3"),
("3","2","6","6"),
("1","3","7","7"),
("2","4","3","2"),
("3","5","2","2"),
("1","6","8","3"),
("2","7","3","2"),
("3","8","10","6"),
("1","9","8","1"),
("2","10","6","3"),
("3","11","8","8"),
("1","12","2","0"),
("2","13","1","1"),
("3","14","1","1"),
("1","15","2","0"),
("2","16","2","0"),
("3","17","6","2"),
("1","18","4","3"),
("2","19","4","1"),
("3","20","4","4"),
("1","21","4","3"),
("2","22","2","2"),
("3","23","5","0"),
("1","24","1","1"),
("2","25","9","1"),
("3","26","10","1"),
("1","27","10","6"),
("2","28","10","7"),
("3","29","4","1"),
("1","30","7","0"),
("2","31","6","3"),
("3","32","10","5"),
("1","33","6","0"),
("2","34","7","0"),
("3","35","2","2"),
("1","36","5","1"),
("2","37","10","3"),
("3","38","3","2"),
("1","39","4","0"),
("2","40","3","0"),
("3","41","7","2"),
("1","42","5","3"),
("2","43","1","1"),
("3","44","4","3"),
("1","45","5","5"),
("2","46","4","1"),
("3","47","5","2"),
("1","48","4","3"),
("2","49","1","0"),
("3","50","8","7"),
("1","51","8","3"),
("2","52","7","5"),
("3","53","1","1"),
("1","54","3","0"),
("2","55","1","1"),
("3","56","5","2"),
("1","57","8","8"),
("2","58","7","0"),
("3","59","7","5"),
("1","60","10","9"),
("2","61","7","1"),
("3","62","1","0"),
("1","63","4","2"),
("2","64","1","1"),
("3","65","1","1"),
("1","66","1","0"),
("2","67","3","1"),
("3","68","10","0"),
("1","69","3","3"),
("2","70","9","4"),
("3","71","4","2"),
("1","72","3","1"),
("2","73","6","0"),
("3","74","9","7"),
("1","75","7","5"),
("2","76","4","4"),
("3","77","6","2"),
("1","78","9","0"),
("2","79","10","1"),
("3","80","2","2"),
("1","81","10","2"),
("2","82","1","1"),
("3","83","7","7"),
("1","84","7","2"),
("2","85","2","2"),
("3","86","1","1"),
("1","87","5","1"),
("2","88","1","1"),
("3","89","6","0"),
("1","90","9","2"),
("2","91","3","1"),
("3","92","6","1"),
("1","93","2","0"),
("2","94","1","1"),
("3","95","6","6"),
("1","96","4","1"),
("2","97","9","0"),
("3","98","2","0"),
("1","99","3","2"),
("2","100","5","4"),
("3","101","2","0"),
("1","102","9","6"),
("2","103","4","2"),
("3","104","10","0"),
("1","105","9","2"),
("2","106","7","2"),
("3","107","3","1"),
("1","108","5","2"),
("2","109","2","2"),
("3","110","4","2"),
("1","111","7","0"),
("2","112","7","1"),
("3","113","3","2"),
("1","114","8","2"),
("2","115","4","2"),
("3","116","9","5"),
("1","117","10","6"),
("2","118","9","9"),
("3","119","9","6"),
("1","120","9","2"),
("2","121","5","3"),
("3","122","7","3"),
("1","123","4","2"),
("2","124","7","5"),
("3","125","7","1"),
("1","126","5","4"),
("2","127","1","0"),
("3","128","2","0"),
("1","129","2","2"),
("2","130","9","9"),
("3","131","3","0"),
("1","132","1","1"),
("2","133","8","6"),
("3","134","1","1"),
("1","135","9","8"),
("2","136","4","4"),
("3","1","8","5"),
("1","2","4","0"),
("2","3","6","5"),
("3","4","8","6"),
("1","5","1","1"),
("2","6","6","1"),
("3","7","5","5"),
("1","8","1","1"),
("2","9","2","2"),
("3","10","6","5"),
("1","11","8","8"),
("2","12","6","5"),
("3","13","3","1"),
("1","14","8","8"),
("2","15","5","5"),
("3","16","5","4"),
("1","17","1","0"),
("2","18","4","2"),
("3","19","9","4"),
("1","20","5","3"),
("2","21","9","1"),
("3","22","9","8"),
("1","23","4","4"),
("2","24","1","1"),
("3","25","3","3"),
("1","26","1","1"),
("2","27","9","1"),
("3","28","1","1"),
("1","29","7","6"),
("2","30","2","0"),
("3","31","5","2"),
("1","32","3","1"),
("2","33","7","4"),
("3","34","10","4"),
("1","35","3","0"),
("2","36","6","2"),
("3","37","8","8"),
("1","38","1","0"),
("2","39","4","2"),
("3","40","4","0"),
("1","41","10","1"),
("2","42","3","0"),
("3","43","6","2"),
("1","44","5","5"),
("2","45","7","0"),
("3","46","6","3"),
("1","47","8","6"),
("2","48","5","5"),
("3","49","4","0"),
("1","50","8","6"),
("2","51","5","0"),
("3","52","4","0"),
("1","53","10","10"),
("2","54","7","2"),
("3","55","2","0"),
("1","56","6","6"),
("2","57","10","6"),
("3","58","10","6"),
("1","59","6","4"),
("2","60","5","4"),
("3","61","5","2"),
("1","62","8","0"),
("2","63","5","2"),
("3","64","8","3"),
("1","65","1","0"),
("2","66","3","2"),
("3","67","10","9"),
("1","68","7","5"),
("2","69","10","7"),
("3","70","7","7"),
("1","71","4","4"),
("2","72","3","1"),
("3","73","2","0"),
("1","74","7","7"),
("2","75","6","5"),
("3","76","6","4"),
("1","77","4","2"),
("2","78","2","2"),
("3","79","5","0"),
("1","80","4","3"),
("2","81","6","3"),
("3","82","1","1"),
("1","83","4","0"),
("2","84","10","4"),
("3","85","9","8"),
("1","86","3","1"),
("2","87","8","8"),
("3","88","1","0"),
("1","89","5","1"),
("2","90","3","2"),
("3","91","10","6"),
("1","92","7","4"),
("2","93","10","2"),
("3","94","7","4"),
("1","95","5","4"),
("2","96","6","4"),
("3","97","9","0"),
("1","98","1","1"),
("2","99","1","0"),
("3","100","8","1"),
("1","101","5","0"),
("2","102","4","2"),
("3","103","7","0"),
("1","104","8","5"),
("2","105","7","7"),
("3","106","1","0"),
("1","107","2","0"),
("2","108","3","2"),
("3","109","7","0"),
("1","110","3","3"),
("2","111","6","4"),
("3","112","1","1"),
("1","113","6","4"),
("2","114","5","0"),
("3","115","7","3"),
("1","116","8","8"),
("2","117","2","1"),
("3","118","3","3"),
("1","119","2","1"),
("2","120","1","0"),
("3","121","9","5"),
("1","122","1","0"),
("2","123","10","5"),
("3","124","8","7"),
("1","125","2","0"),
("2","126","8","3"),
("3","127","1","1"),
("1","128","1","0"),
("2","129","8","6"),
("3","130","1","0"),
("1","131","5","5"),
("2","132","10","9"),
("3","133","2","2"),
("1","134","4","0"),
("2","135","1","1"),
("3","136","3","0");


INSERT INTO tag (tag_id,tag_name) VALUES
("1","children"),
("2","adult"),
("3","fiction"),
("4","subject"),
("5","novels"),
("6","war"),
("7","religion");


INSERT INTO book_tag (book_id,tag_id) VALUES
("1","5"),
("1","6"),
("2","7"),
("2","3"),
("3","2"),
("3","2"),
("4","3"),
("4","2"),
("5","4"),
("5","6"),
("6","4"),
("6","2"),
("7","7"),
("7","5"),
("8","3"),
("8","7"),
("9","2"),
("9","7"),
("10","1"),
("10","2"),
("11","1"),
("11","2"),
("12","1"),
("12","6"),
("13","2"),
("13","3"),
("14","3"),
("14","6"),
("15","1"),
("15","4"),
("16","7"),
("16","3"),
("17","7"),
("17","5"),
("18","1"),
("18","5"),
("19","2"),
("19","1"),
("20","7"),
("20","1"),
("21","2"),
("21","2"),
("22","5"),
("22","1"),
("23","5"),
("23","7"),
("24","2"),
("24","3"),
("25","3"),
("25","2"),
("26","1"),
("26","1"),
("27","1"),
("27","1"),
("28","7"),
("28","3"),
("29","7"),
("29","4"),
("30","1"),
("30","1"),
("31","4"),
("31","7"),
("32","6"),
("32","1"),
("33","2"),
("33","3"),
("34","3"),
("34","3"),
("35","3"),
("35","1"),
("36","1"),
("36","7"),
("37","2"),
("37","6"),
("38","4"),
("38","4"),
("39","1"),
("39","6"),
("40","1"),
("40","1"),
("41","6"),
("41","7"),
("42","6"),
("42","7"),
("43","7"),
("43","2"),
("44","7"),
("44","6"),
("45","7"),
("45","5"),
("46","4"),
("46","5"),
("47","7"),
("47","3"),
("48","2"),
("48","3"),
("49","2"),
("49","6"),
("50","2"),
("50","6"),
("51","4"),
("51","6"),
("52","5"),
("52","3"),
("53","4"),
("53","4"),
("54","6"),
("54","1"),
("55","6"),
("55","6"),
("56","3"),
("56","7"),
("57","4"),
("57","1"),
("58","4"),
("58","3"),
("59","3"),
("59","6"),
("60","7"),
("60","1"),
("61","2"),
("61","7"),
("62","7"),
("62","5"),
("63","4"),
("63","6"),
("64","6"),
("64","3"),
("65","4"),
("65","1"),
("66","5"),
("66","2"),
("67","5"),
("67","1"),
("68","6"),
("68","3"),
("69","7"),
("69","1"),
("70","7"),
("70","4"),
("71","1"),
("71","3"),
("72","2"),
("72","5"),
("73","5"),
("73","6"),
("74","2"),
("74","4"),
("75","6"),
("75","2"),
("76","3"),
("76","4"),
("77","1"),
("77","5"),
("78","1"),
("78","2"),
("79","1"),
("79","4"),
("80","7"),
("80","7"),
("81","4"),
("81","1"),
("82","1"),
("82","4"),
("83","3"),
("83","3"),
("84","4"),
("84","7"),
("85","5"),
("85","4"),
("86","3"),
("86","7"),
("87","1"),
("87","2"),
("88","1"),
("88","1"),
("89","4"),
("89","7"),
("90","4"),
("90","5"),
("91","3"),
("91","6"),
("92","2"),
("92","2"),
("93","6"),
("93","1"),
("94","3"),
("94","2"),
("95","7"),
("95","7"),
("96","6"),
("96","1"),
("97","5"),
("97","4"),
("98","6"),
("98","3"),
("99","2"),
("99","4"),
("100","2"),
("100","4"),
("101","2"),
("101","3"),
("102","5"),
("102","2"),
("103","5"),
("103","5"),
("104","7"),
("104","2"),
("105","2"),
("105","6"),
("106","1"),
("106","5"),
("107","1"),
("107","5"),
("108","2"),
("108","3"),
("109","1"),
("109","4"),
("110","2"),
("110","2"),
("111","7"),
("111","1"),
("112","7"),
("112","2"),
("113","5"),
("113","7"),
("114","7"),
("114","2"),
("115","7"),
("115","2"),
("116","6"),
("116","6"),
("117","5"),
("117","4"),
("118","4"),
("118","3"),
("119","1"),
("119","5"),
("120","3"),
("120","7"),
("121","3"),
("121","4"),
("122","2"),
("122","1"),
("123","3"),
("123","6"),
("124","1"),
("124","4"),
("125","3"),
("125","1"),
("126","7"),
("126","7"),
("127","5"),
("127","3"),
("128","2"),
("128","2"),
("129","6"),
("129","4"),
("130","5"),
("130","3"),
("131","2"),
("131","7"),
("132","3"),
("132","1"),
("133","1"),
("133","1"),
("134","2"),
("134","6"),
("135","4"),
("135","7"),
("136","7"),
("136","4");


INSERT INTO librarian (librarian_id,username,first_name,middle_name,last_name,email,password,role) VALUES
("1","izabella","Izabella",NULL,"Patterson","izabella.patterson@ucalgary.ca","admin","admin"),
("2","yuvraj","Yuvraj","Yash","Patterson","yuvraj.patterson@ucalgary.ca","admin","admin");


INSERT INTO class_code (class_code) VALUES
("K1 A"),
("K1 B"),
("K2 A"),
("K2 B"),
("G1 A"),
("G1 B"),
("G2 A"),
("G2 B"),
("G3 A"),
("G3 B"),
("G4 A"),
("G4 B"),
("G5 A"),
("G5 B"),
("G6 A"),
("G6 B"),
("G7 A"),
("G7 B"),
("G8 A"),
("G8 B"),
("G9 A"),
("G9 B");


INSERT INTO loaner (school_id,is_student,salutation,first_name,middle_name,last_name,father_name,mother_name) VALUES
("ZTJVXQ",0,"Mr","Darryl",NULL,"Mcbride",NULL,NULL),
("HTDTYG",1,NULL,"Lucille",NULL,"Williams","Deborah Diaz","Deborah Diaz"),
("PHDGYM",1,NULL,"Deborah",NULL,"Diaz","Grady Palmer","Grady Palmer"),
("PJATSB",1,NULL,"Grady",NULL,"Palmer","Dan Lloyd","Dan Lloyd"),
("DRJJBJ",0,"Mr","Dan",NULL,"Lloyd",NULL,NULL),
("XOJUTO",0,"Mr","Josephine",NULL,"Alvarez",NULL,NULL),
("RNYPOT",0,"Mr","Mildred",NULL,"Becker",NULL,NULL),
("GLYOQZ",1,NULL,"Loretta",NULL,"Roberts","Jennie Ford","Jennie Ford"),
("VMMFBK",0,"Mr","Jennie",NULL,"Ford",NULL,NULL),
("URRFHX",0,"Mr","Jenna",NULL,"Gray",NULL,NULL),
("OJTJMF",0,"Mr","Lucia",NULL,"Todd",NULL,NULL),
("VDOADU",0,"Mr","Bobby",NULL,"Turner",NULL,NULL),
("EDIXII",1,NULL,"Angela",NULL,"Warren","Reginald Wheeler","Reginald Wheeler"),
("PXMPJO",0,"Mr","Reginald",NULL,"Wheeler",NULL,NULL),
("FSNFAB",1,NULL,"Antoinette",NULL,"Lowe","Kristi Weber","Kristi Weber"),
("LSAQDG",1,NULL,"Kristi",NULL,"Weber","Ronnie Mclaughlin","Ronnie Mclaughlin"),
("SFEBLR",1,NULL,"Ronnie",NULL,"Mclaughlin","Archie Frazier","Archie Frazier"),
("MIKPSY",0,"Mr","Archie",NULL,"Frazier",NULL,NULL),
("COOLXB",0,"Mr","Ramona",NULL,"Harper",NULL,NULL),
("DYUHWT",0,"Mr","Natalie",NULL,"Franklin",NULL,NULL),
("QAOIZM",0,"Mr","Floyd",NULL,"Moore",NULL,NULL),
("HDCUFO",0,"Mr","Caroline",NULL,"Casey",NULL,NULL),
("UQDSHD",0,"Mr","Josefina",NULL,"Wallace",NULL,NULL),
("OSDOWQ",0,"Mr","Elvira",NULL,"Rose",NULL,NULL),
("OUOSMV",1,NULL,"Jordan",NULL,"Rivera","Duane Chandler","Duane Chandler"),
("FUIMIK",0,"Mr","Duane",NULL,"Chandler",NULL,NULL),
("MAXBVE",0,"Mr","Toni",NULL,"Manning",NULL,NULL),
("UOCRKO",0,"Mr","Zachary",NULL,"Mendez",NULL,NULL),
("CWFWUS",0,"Mr","Everett",NULL,"Gill",NULL,NULL),
("YBVALL",0,"Mr","Alton",NULL,"Hicks",NULL,NULL),
("XLJYAU",0,"Mr","Kirk",NULL,"Phillips",NULL,NULL),
("ZTSUIM",0,"Mr","Opal",NULL,"Kelly",NULL,NULL),
("KWGMAT",0,"Mr","Doreen",NULL,"Mccarthy",NULL,NULL),
("NFYEFT",0,"Mr","Juan",NULL,"Francis",NULL,NULL),
("XYBWCP",0,"Mr","Tami",NULL,"Sharp",NULL,NULL),
("NAPMUP",0,"Mr","Vanessa",NULL,"Howard",NULL,NULL),
("YIMEOT",0,"Mr","Pamela",NULL,"Bennett",NULL,NULL),
("QTHNXS",1,NULL,"Elaine",NULL,"Bryant","Ian Keller","Ian Keller"),
("NAPGDX",1,NULL,"Ian",NULL,"Keller","Todd Rodriguez","Todd Rodriguez"),
("RGRGOB",1,NULL,"Todd",NULL,"Rodriguez","Ollie Williamson","Ollie Williamson"),
("IUPQJR",0,"Mr","Ollie",NULL,"Williamson",NULL,NULL),
("ZGQUYW",1,NULL,"Preston",NULL,"Mason","Wilma Yates","Wilma Yates"),
("EOIWIS",1,NULL,"Wilma",NULL,"Yates","Willard Cole","Willard Cole"),
("RTOQRV",0,"Mr","Willard",NULL,"Cole",NULL,NULL),
("SRYWKU",0,"Mr","Herbert",NULL,"Hanson",NULL,NULL),
("ZRTVEX",0,"Mr","Julian",NULL,"Watkins",NULL,NULL),
("SAGWDS",1,NULL,"Kerry",NULL,"Swanson","Jerald Waters","Jerald Waters"),
("SCAOJU",0,"Mr","Jerald",NULL,"Waters",NULL,NULL),
("PWCQKX",0,"Mr","Gary",NULL,"Alexander",NULL,NULL),
("NPOMDO",0,"Mr","Troy",NULL,"Fernandez",NULL,NULL),
("UZJCKW",1,NULL,"Allen",NULL,"Oliver","Grace Singleton","Grace Singleton"),
("DMFVYD",0,"Mr","Grace",NULL,"Singleton",NULL,NULL),
("WYCWNS",0,"Mr","Jan",NULL,"Barker",NULL,NULL),
("EEMNDC",1,NULL,"Jonathan",NULL,"Jordan","Shirley Ball","Shirley Ball"),
("SNTWSP",1,NULL,"Shirley",NULL,"Ball","Elmer Barrett","Elmer Barrett"),
("WLVSZN",0,"Mr","Elmer",NULL,"Barrett",NULL,NULL),
("QGHZCT",0,"Mr","Travis",NULL,"Mcdaniel",NULL,NULL),
("CNYDDL",1,NULL,"Mona",NULL,"Crawford","Kristina Shelton","Kristina Shelton"),
("INQBUV",0,"Mr","Kristina",NULL,"Shelton",NULL,NULL),
("RXEJQO",0,"Mr","Angelo",NULL,"Cunningham",NULL,NULL),
("SQFZJZ",0,"Mr","Kristen",NULL,"Robbins",NULL,NULL),
("DEDZTE",1,NULL,"Marsha",NULL,"Davidson","Omar Grant","Omar Grant"),
("WBSIDW",1,NULL,"Omar",NULL,"Grant","Carla Armstrong","Carla Armstrong"),
("DRZMHG",1,NULL,"Carla",NULL,"Armstrong","Susan Mack","Susan Mack"),
("SVORNX",0,"Mr","Susan",NULL,"Mack",NULL,NULL),
("SVZCJN",0,"Mr","Rickey",NULL,"Olson",NULL,NULL),
("MCZJOS",0,"Mr","Freda",NULL,"Cook",NULL,NULL),
("BFLQCH",1,NULL,"Jessie",NULL,"Mendoza","Javier Romero","Javier Romero"),
("TFJJVK",0,"Mr","Javier",NULL,"Romero",NULL,NULL),
("PMXSYP",0,"Mr","Wilbert",NULL,"Byrd",NULL,NULL),
("YVMWQF",0,"Mr","Sharon",NULL,"Jacobs",NULL,NULL),
("RTYMWP",0,"Mr","Kurt",NULL,"Munoz",NULL,NULL),
("MCMNLV",1,NULL,"Katherine",NULL,"Garner","Judith Vasquez","Judith Vasquez"),
("AUQPJM",0,"Mr","Judith",NULL,"Vasquez",NULL,NULL),
("XLHSQB",1,NULL,"Rogelio",NULL,"Montgomery","Tara Daniel","Tara Daniel"),
("XXCGXN",1,NULL,"Tara",NULL,"Daniel","Tracy Doyle","Tracy Doyle"),
("EPTQDN",1,NULL,"Tracy",NULL,"Doyle","Olive Pena","Olive Pena"),
("VHXJIK",0,"Mr","Olive",NULL,"Pena",NULL,NULL),
("IVVZEM",0,"Mr","Stephanie",NULL,"Dennis",NULL,NULL),
("RHHLCB",0,"Mr","Diane",NULL,"Hopkins",NULL,NULL),
("KHWQAO",0,"Mr","Lucy",NULL,"Nelson",NULL,NULL),
("CHQPEH",0,"Mr","Lora",NULL,"Nunez",NULL,NULL),
("EXMXZB",0,"Mr","Ismael",NULL,"Haynes",NULL,NULL),
("DAUCMN",0,"Mr","Candace",NULL,"Garrett",NULL,NULL),
("KMOEEY",1,NULL,"Devin",NULL,"Berry","Violet Fox","Violet Fox"),
("UKRJFN",0,"Mr","Violet",NULL,"Fox",NULL,NULL),
("HCMFFU",0,"Mr","Erika",NULL,"Reynolds",NULL,NULL),
("QZWHHL",0,"Mr","Joann",NULL,"Hubbard",NULL,NULL),
("BVCQBG",0,"Mr","Leticia",NULL,"Floyd",NULL,NULL),
("QSRXWZ",0,"Mr","Nora",NULL,"Sparks",NULL,NULL),
("UOPAAY",0,"Mr","Noah",NULL,"Reeves",NULL,NULL),
("RYTNZJ",0,"Mr","Andrew",NULL,"Cain",NULL,NULL),
("SSSRGU",0,"Mr","Cassandra",NULL,"Porter",NULL,NULL),
("MGUTCB",0,"Mr","Myron",NULL,"Morton",NULL,NULL),
("UBUIRQ",0,"Mr","Timmy",NULL,"Hayes",NULL,NULL),
("YJWVYT",0,"Mr","Armando",NULL,"Park",NULL,NULL),
("MDBTTL",0,"Mr","Mark",NULL,"Welch",NULL,NULL),
("EQTEFX",1,NULL,"Wallace",NULL,"Harris","Jenny Vega","Jenny Vega"),
("BJPXOX",1,NULL,"Jenny",NULL,"Vega","Jackie Rowe","Jackie Rowe"),
("JSDAZO",1,NULL,"Jackie",NULL,"Rowe"," "," ");


INSERT INTO faculty_class (loaner_id,class_id) VALUES
("1","19"),
("5","12"),
("6","3"),
("7","19"),
("9","15"),
("10","13"),
("11","16"),
("12","21"),
("14","4"),
("18","10"),
("19","21"),
("20","2"),
("21","4"),
("22","21"),
("23","16"),
("24","7"),
("26","18"),
("27","7"),
("28","18"),
("29","8"),
("30","22"),
("31","2"),
("32","18"),
("33","11"),
("34","22"),
("35","20"),
("36","5"),
("37","13"),
("41","6"),
("44","1"),
("45","12"),
("46","15"),
("48","2"),
("49","22"),
("50","10"),
("52","1"),
("53","20"),
("56","12"),
("57","11"),
("59","19"),
("60","21"),
("61","11"),
("65","4"),
("66","12"),
("67","2"),
("69","2"),
("70","8"),
("71","5"),
("72","1"),
("74","19"),
("78","9"),
("79","9"),
("80","8"),
("81","7"),
("82","19"),
("83","3"),
("84","14"),
("86","19"),
("87","1"),
("88","7"),
("89","17"),
("90","1"),
("91","14"),
("92","9"),
("93","11"),
("94","17"),
("95","12"),
("96","21"),
("97","5");


INSERT INTO transaction (trn_datetime,trn_type,branch_id,coordinator_id,loaner_id) VALUES
("2021-01-27 00:00:00","1","2","1","21"),
("2021-01-16 00:00:00","1","3","2","96"),
("2021-02-07 00:00:00","2","1","2","44"),
("2021-02-20 00:00:00","1","2","1","66"),
("2021-03-30 00:00:00","1","3","1","97"),
("2021-03-13 00:00:00","1","1","2","75"),
("2021-04-04 00:00:00","1","3","1","55"),
("2021-04-01 00:00:00","1","3","1","21"),
("2021-05-19 00:00:00","1","2","2","44"),
("2021-05-18 00:00:00","2","2","2","31"),
("2021-06-10 00:00:00","1","3","1","96"),
("2021-06-09 00:00:00","1","3","1","89"),
("2021-07-15 00:00:00","1","2","1","63"),
("2021-07-23 00:00:00","2","2","1","99"),
("2021-08-19 00:00:00","2","1","2","23"),
("2021-08-11 00:00:00","1","1","1","15"),
("2021-09-19 00:00:00","2","1","1","16"),
("2021-09-14 00:00:00","2","3","1","50"),
("2021-10-23 00:00:00","2","1","1","68"),
("2021-10-29 00:00:00","2","2","2","92"),
("2021-11-10 00:00:00","2","1","2","22"),
("2021-11-14 00:00:00","2","2","2","16"),
("2021-12-14 00:00:00","2","1","1","81"),
("2021-12-11 00:00:00","1","2","1","76"),
("2021-01-30 00:00:00","2","2","1","4"),
("2021-01-29 00:00:00","1","3","2","50"),
("2021-02-01 00:00:00","1","3","1","10"),
("2021-02-17 00:00:00","1","1","2","22"),
("2021-03-30 00:00:00","1","1","2","99"),
("2021-03-23 00:00:00","2","1","2","71"),
("2021-04-17 00:00:00","1","3","1","78"),
("2021-04-25 00:00:00","1","1","1","99"),
("2021-05-21 00:00:00","2","1","2","82"),
("2021-05-24 00:00:00","2","1","1","85"),
("2021-06-29 00:00:00","2","3","2","9"),
("2021-06-30 00:00:00","1","1","1","62"),
("2021-07-27 00:00:00","1","1","1","10"),
("2021-07-21 00:00:00","1","2","1","6"),
("2021-08-10 00:00:00","2","3","1","49"),
("2021-08-27 00:00:00","2","3","2","86"),
("2021-09-03 00:00:00","1","1","1","100"),
("2021-09-14 00:00:00","2","2","1","50"),
("2021-10-19 00:00:00","2","1","1","70"),
("2021-10-22 00:00:00","1","3","2","85"),
("2021-11-15 00:00:00","1","1","2","24"),
("2021-11-26 00:00:00","1","1","1","63"),
("2021-12-04 00:00:00","1","1","2","1"),
("2021-12-14 00:00:00","1","1","1","34"),
("2021-01-05 00:00:00","1","1","1","14"),
("2021-01-11 00:00:00","2","3","1","82"),
("2021-02-11 00:00:00","2","1","2","50"),
("2021-02-17 00:00:00","2","1","1","82"),
("2021-03-23 00:00:00","1","1","1","18"),
("2021-03-28 00:00:00","1","3","2","77"),
("2021-04-11 00:00:00","2","1","2","76"),
("2021-04-04 00:00:00","1","2","2","7"),
("2021-05-09 00:00:00","2","2","2","32"),
("2021-05-06 00:00:00","1","1","2","100"),
("2021-06-01 00:00:00","1","3","2","7"),
("2021-06-13 00:00:00","2","2","2","68"),
("2021-07-30 00:00:00","1","3","2","83"),
("2021-07-13 00:00:00","2","2","1","9"),
("2021-08-03 00:00:00","1","3","1","20"),
("2021-08-03 00:00:00","2","3","2","76"),
("2021-09-12 00:00:00","1","2","2","58"),
("2021-09-07 00:00:00","1","1","1","60"),
("2021-10-19 00:00:00","1","1","2","84"),
("2021-10-01 00:00:00","1","2","2","39"),
("2021-11-03 00:00:00","2","3","1","32"),
("2021-11-01 00:00:00","1","2","2","82"),
("2021-12-18 00:00:00","2","2","2","3"),
("2021-12-06 00:00:00","1","3","1","77"),
("2021-01-10 00:00:00","2","1","1","3"),
("2021-01-21 00:00:00","2","3","2","90"),
("2021-02-03 00:00:00","2","3","2","66"),
("2021-02-10 00:00:00","1","3","2","30"),
("2021-03-05 00:00:00","1","3","1","21"),
("2021-03-15 00:00:00","2","3","1","41"),
("2021-04-03 00:00:00","1","1","1","80"),
("2021-04-23 00:00:00","1","1","2","35"),
("2021-05-27 00:00:00","1","3","1","10"),
("2021-05-12 00:00:00","2","1","2","6"),
("2021-06-12 00:00:00","1","3","2","96"),
("2021-06-09 00:00:00","1","1","1","38"),
("2021-07-21 00:00:00","1","2","1","53"),
("2021-07-17 00:00:00","1","3","2","96");


INSERT INTO trn_quantities (trn_id,book_id,copies) VALUES
("1","89","2"),
("2","5","2"),
("3","23","4"),
("4","86","2"),
("5","79","1"),
("6","111","5"),
("7","39","1"),
("8","9","5"),
("9","27","4"),
("10","70","5"),
("11","124","2"),
("12","92","2"),
("13","132","2"),
("14","78","4"),
("15","21","5"),
("16","18","1"),
("17","91","4"),
("18","135","5"),
("19","96","4"),
("20","75","4"),
("21","136","4"),
("22","105","4"),
("23","66","4"),
("24","14","3"),
("25","11","4"),
("26","66","4"),
("27","23","3"),
("28","67","3"),
("29","100","2"),
("30","127","5"),
("31","105","5"),
("32","116","2"),
("33","64","2"),
("34","76","2"),
("35","77","1"),
("36","110","2"),
("37","35","5"),
("38","65","2"),
("39","41","1"),
("40","42","4"),
("41","73","3"),
("42","52","3"),
("43","86","1"),
("44","135","2"),
("45","46","4"),
("46","129","5"),
("47","102","1"),
("48","115","5"),
("49","81","5"),
("50","131","2"),
("51","108","1"),
("52","26","5"),
("53","7","2"),
("54","24","4"),
("55","2","2"),
("56","22","5"),
("57","89","2"),
("58","40","4"),
("59","2","5"),
("60","25","2"),
("61","69","5"),
("62","68","4"),
("63","12","3"),
("64","79","1"),
("65","132","5"),
("66","57","5"),
("67","92","3"),
("68","66","3"),
("69","56","3"),
("70","32","4"),
("71","28","2"),
("72","61","2"),
("73","50","3"),
("74","61","2"),
("75","114","2"),
("76","42","4"),
("77","107","2"),
("78","136","3"),
("79","36","2"),
("80","52","3"),
("81","134","3"),
("82","126","4"),
("83","97","3"),
("84","50","2"),
("85","125","4"),
("86","98","2");
